FCLTY_NM,FCLTY_FLAG_NM,INDUTY_CD,INDUTY_NM,FCLTY_TY_CD,FCLTY_TY_NM,POSESN_MBY_CD,POSESN_MBY_CTPRVN_CD,POSESN_MBY_CTPRVN_NM,POSESN_MBY_SIGNGU_CD,POSESN_MBY_SIGNGU_NM,RSPNSBLTY_DEPT_NM,RSPNSBLTY_TEL_NO,ROAD_NM_CTPRVN_CD,ROAD_NM_CTPRVN_NM,ROAD_NM_SIGNGU_CD,ROAD_NM_SIGNGU_NM,ROAD_NM_EMD_CD,ROAD_NM_EMD_NM,ROAD_NM_LI_CD,ROAD_NM_LI_NM,RDNMADR_NM,FCLTY_LO,FCLTY_LA,FCLTY_AR_CO,ACMD_NMPR_CO,ADTM_CO,FCLTY_HMPG_URL,NATION_ALSFC_AT,FCLTY_STATE_CD,DEL_AT
강남스포츠문화센터골프연습장,공공,P17,골프연습장,P1701,골프연습장,01,1100000000,서울특별시,1168000000,강남구,,,1100000000,서울특별시,1168000000,강남구,,,,,강남구 수서동718,127.105338789,37.4889740581,201.0,,,http//life.gangnam.go.kr,N,00,N
강남스포츠문화센터수영장,공공,P11,수영장,P1101,수영장,01,1100000000,서울특별시,1168000000,강남구,문화체육과,02-3423-5955,1100000000,서울특별시,1168000000,강남구,1168011500,수서동,,,서울특별시 강남구 밤고개로1길 52 (수서동),127.105339918165,37.4889731560638,661.0,250.0,,http//life.gangnam.go.kr,N,00,N
강남스포츠문화센터체육관,공공,P09,체육관,P0903,생활체육관,01,1100000000,서울특별시,1168000000,강남구,문화체육과,02-3423-5955,1100000000,서울특별시,1168000000,강남구,1168011500,수서동,,,서울특별시 강남구 밤고개로1길 52 (수서동),127.105280820161,37.4890010498708,1031.0,,,http//life.gnagnam.go.kr,N,00,N
강북웰빙스포츠센터,공공,P09,체육관,P0903,생활체육관,01,1100000000,서울특별시,1130500000,강북구,,,1100000000,서울특별시,1130500000,강북구,1130510200,번동,,,서울특별시 강북구 오현로31길 51 (번동),127.0377698874,37.6304570844,11570.0,,,http://www.gangbukcmc.seoul.kr/index.php,N,00,N
개운산스포츠센터,공공,P09,체육관,P0903,생활체육관,01,1100000000,서울특별시,1129000000,성북구,개운산스포츠팀,,1100000000,서울특별시,1129000000,성북구,1129013500,종암동,,,서울특별시 성북구 북악산로 949-60 (종암동),127.026238833598,37.5968670281284,3273.0,,,https://www.gongden.go.kr/port,N,00,N
개웅산생활체육관,공공,P09,체육관,P0903,생활체육관,01,1100000000,서울특별시,1153000000,구로구,구로구민체육쎈타팀,02-1899-6828,1100000000,서울특별시,1153000000,구로구,1153010700,개봉동,,,서울특별시 구로구 개봉로3길 108-20 (개봉동),126.8497243317,37.4853070008,786.0,,,https://www.gurosisul.or.kr/mod.asp?m=business=b02-1=2,N,00,N
거제국민체육센터,공공,P09,체육관,P0903,생활체육관,01,2600000000,부산광역시,2600000000,부산광역시,,,2600000000,부산광역시,2647000000,연제구,2647010100,거제동,,,부산광역시 연제구 법원남로9번길 17(거제동),129.074289798203,35.1895110545428,,,,,N,00,N
거제국민체육센터,공공,P09,체육관,P0901,구기체육관,01,4800000000,경상남도,4831000000,거제시,교육체육과,055-639-3914,4800000000,경상남도,4831000000,거제시,4831034026,서정리,,,경상남도 거제시 거제면 거제남서로 3485-17,128.58154397731673,34.85180310256211,2860.0,800.0,525.0,https://www.yj-sports.or.kr/main.php,N,00,N
경주국민체육센터,공공,P09,체육관,P0903,생활체육관,01,4700000000,경상북도,4713000000,경주시,,,4700000000,경상북도,4713000000,경주시,4713012400,황성동,,,경상북도 경주시 유림로5번길 85-15 (황성동),129.2170900184,35.8790452998,1483.0,,,http://sports.gyeongju.go.kr/,N,00,N
경주국민체육센터수영장,공공,P11,수영장,P1101,수영장,01,4700000000,경상북도,4713000000,경주시,,,4700000000,경상북도,4713000000,경주시,4713012400,황성동,,,경상북도 경주시 유림로5번길 85-15 (황성동),129.2170900184,35.8790452998,1454.0,,,http://sports.gyeongju.go.kr/,N,00,N
계남근린공원테니스장,공공,P08,간이운동장,P0801,간이운동장,01,1100000000,서울특별시,1153000000,구로구,공원녹지과,02-860-3087,1100000000,서울특별시,1147000000,양천구,1147010100,신정동,,,"서울특별시 양천구 신정로 260 (신정동, 신트리4단지아파트)",126.85029167710826,37.51149094276272,661.0,,,https://yeyak.seoul.go.kr,N,00,N
고양국민체육센터,공공,P09,체육관,P0903,생활체육관,01,4100000000,경기도,4128000000,고양시,체육진흥과,031-8075-2342,4100000000,경기도,4128100000,고양시 덕양구,4128110600,성사동,,,경기도 고양시 덕양구 호국로 876 (성사동),126.8437231978,37.6627589803,2714.0,,,http://ssgym.gys.or.kr/,N,00,N
고양어울림누리내 꽃우물수영장,공공,P11,수영장,P1101,수영장,01,4100000000,경기도,4128000000,고양시,체육진흥과,031-8075-2342,4100000000,경기도,4128100000,고양시 덕양구,4128110600,성사동,,,경기도 고양시 덕양구 어울림로 33 (성사동),126.8353665942,37.6490563009,13400.0,556.0,,www.spart.gys.or.kr,N,00,N
고양어울림누리내 몸과마음닦음터(체육관),공공,P09,체육관,P0903,생활체육관,01,4100000000,경기도,4128000000,고양시,체육진흥과,031-8075-2342,4100000000,경기도,4128100000,고양시 덕양구,4128110600,성사동,,,경기도 고양시 덕양구 어울림로 33 (성사동),126.8353665942,37.6490563009,13400.0,,,www.spart.gys.or.kr,N,00,N
고양체육관,공공,P11,수영장,P1101,수영장,01,4100000000,경기도,4128000000,고양시,체육진흥과,031-8075-2341,4100000000,경기도,4128700000,고양시 일산서구,4128710400,대화동,,,경기도 고양시 일산서구 중앙로 1601 (대화동),126.7430655661,37.676421695,39370.0,1553.0,,www.gym.gys.or.kr,N,00,N
고양체육관,공공,P09,체육관,P0903,생활체육관,01,4100000000,경기도,4128000000,고양시,체육진흥과,031-8075-2341,4100000000,경기도,4128700000,고양시 일산서구,4128710400,대화동,,,경기도 고양시 일산서구 중앙로 1601 (대화동),126.7430655661,37.676421695,39370.0,,,www.gym.gys.or.kr,N,00,N
고천다목적실내체육관,공공,P09,체육관,P0901,구기체육관,01,4100000000,경기도,4143000000,의왕시,생활체육팀,031-8086-7421,4100000000,경기도,4143000000,의왕시,4143010400,왕곡동,,,경기도 의왕시 오전로 18 (왕곡동),126.9823575539,37.3478985677,1440.0,500.0,210.0,http://www.uuc.or.kr/M_04/page03_04.html,N,00,N
과천시민회관다목적체육관,공공,P09,체육관,P0903,생활체육관,01,4100000000,경기도,4129000000,과천시,,,4100000000,경기도,4129000000,과천시,4129010700,중앙동,,,경기도 과천시 통영로 5 (중앙동),126.9891537744,37.4281913682,41056.0,,,http://www.gccs.or.kr,N,00,N
과천시민회관빙상장,공공,P20,빙상장,P2001,빙상장,01,4100000000,경기도,4129000000,과천시,,,4100000000,경기도,4129000000,과천시,4129010700,중앙동,,,경기도 과천시 통영로 5 (중앙동),126.9891537744,37.4281913682,41056.0,412.0,400.0,http://www.gccs.or.kr,N,00,N
과천시민회관실내수영장,공공,P11,수영장,P1101,수영장,01,4100000000,경기도,4129000000,과천시,,,4100000000,경기도,4129000000,과천시,4129010700,중앙동,,,경기도 과천시 통영로 5 (중앙동),126.9891537744,37.4281913682,41056.0,,,http://www.gccs.or.kr,N,00,N
관문실내체육관,공공,P09,체육관,P0901,구기체육관,01,4100000000,경기도,4129000000,과천시,,,4100000000,경기도,4129000000,과천시,4129010100,관문동,,,경기도 과천시 중앙로 294 (관문동),126.9963477974,37.4413646646,3021.0,750.0,528.0,http://www.gccs.or.kr,N,00,N
관악구민종합체육센터,공공,P09,체육관,P0903,생활체육관,01,1100000000,서울특별시,1162000000,관악구,체육사업팀,02-875-1188,1100000000,서울특별시,1162000000,관악구,1162010100,봉천동,,,서울특별시 관악구 낙성대로3길 37 (봉천동),126.9603152697,37.4730664948,1924.0,,,,N,00,N
관악구민종합체육센터수영장,공공,P11,수영장,P1101,수영장,01,1100000000,서울특별시,1162000000,관악구,시설관리공단,02-875-1188,1100000000,서울특별시,1162000000,관악구,1162010100,봉천동,,,서울특별시 관악구 낙성대로3길 37 (봉천동),126.9603152697,37.4730664948,1924.0,,,,N,00,N
관악구민체육센터골프연습장,공공,P17,골프연습장,P1701,골프연습장,01,1100000000,서울특별시,1162000000,관악구,체육사업팀,02-875-1188,1100000000,서울특별시,1162000000,관악구,1162010100,봉천동,,,서울특별시 관악구 낙성대로3길 37 (봉천동),126.9603152697,37.4730664948,1924.0,,,https://www.gwanakgongdan.or.kr/fmcs/13,N,00,N
관악청소년센터수영장,공공,P11,수영장,P1101,수영장,01,1100000000,서울특별시,1162000000,관악구,관악구 신림로23길17,,1100000000,서울특별시,1162000000,관악구,1162010200,신림동,,,서울특별시 관악구 신림로23길 17 (신림동),126.935243319909,37.4702439018707,845.0,,,,N,00,N
광장동 실내배드민턴장,공공,P09,체육관,P0901,구기체육관,01,1100000000,서울특별시,1121500000,광진구,,,1100000000,서울특별시,1121500000,광진구,1121510400,광장동,,,서울특별시 광진구 천호대로140길 40 (광장동),127.1001979782,37.5444262675,1207.0,,,http://minton.gwangjin.or.kr/,N,00,N
광주시문화스포츠센터,공공,P11,수영장,P1101,수영장,01,4100000000,경기도,4161000000,광주시,체육과,031-760-5986,4100000000,경기도,4161000000,광주시,4161010300,송정동,,,경기도 광주시 회안대로 891 (송정동),127.2547053473,37.4268686827,1851.0,,,http://gjcenter.gjcs.or.kr/,N,00,N
광주시문화스포츠센터,공공,P09,체육관,P0903,생활체육관,01,4100000000,경기도,4161000000,광주시,,031-760-5986,4100000000,경기도,4161000000,광주시,4161010300,송정동,,,경기도 광주시 회안대로 891 (송정동),127.2547053473,37.4268686827,26925.0,,,,N,00,Y
광주시문화스포츠센터,공공,P09,체육관,P0903,생활체육관,01,4100000000,경기도,4161000000,광주시,복지교육국 교육체육과,031-760-5986,4100000000,경기도,4161000000,광주시,4161010300,송정동,,,경기도 광주시 회안대로 891 (송정동),127.2547053473,37.4268686827,30743.0,,,http://www.gjcs.or.kr/gjcs/index.asp,N,00,N
광진구민체육센터,공공,P17,골프연습장,P1701,골프연습장,01,1100000000,서울특별시,1121500000,광진구,체육시설운영팀 (광진구민체육센터),02-2049-4800,1100000000,서울특별시,1121500000,광진구,1121510400,광장동,,,서울특별시 광진구 구천면로 14 (광장동),127.1068221494,37.5459990108,7914.0,,,http://gumin.gwangjin.or.kr/,N,00,N
광진구민체육센터수영장,공공,P11,수영장,P1101,수영장,01,1100000000,서울특별시,1121500000,광진구,체육시설운영팀 (광진구민체육센터),02-2049-4800,1100000000,서울특별시,1121500000,광진구,1121510400,광장동,,,서울특별시 광진구 구천면로 14 (광장동),127.1068221494,37.5459990108,987.0,90.0,,http://gumin.gwangjin.or.kr/,N,00,N
광진문화예술회관,공공,P17,골프연습장,P1701,골프연습장,01,1100000000,서울특별시,1121500000,광진구,문화사업팀,02-2049-4570,1100000000,서울특별시,1121500000,광진구,1121510500,자양동,,,서울특별시 광진구 능동로 76 (자양동),127.0705761545,37.5375712576,18860.0,,,http://gjart.gwangjin.or.kr/,N,00,N
광진문화예술회관수영장,공공,P11,수영장,P1101,수영장,01,1100000000,서울특별시,1121500000,광진구,문화사업팀,02-2049-4570,1100000000,서울특별시,1121500000,광진구,1121510500,자양동,,,서울특별시 광진구 능동로 76 (자양동),127.0705761545,37.5375712576,1107.0,84.0,,http://gjart.gwangjin.or.kr/,N,00,N
구로구민체육센터,공공,P09,체육관,P0903,생활체육관,01,1100000000,서울특별시,1153000000,구로구,구로구민체육쎈타팀,02-2681-9595,1100000000,서울특별시,1153000000,구로구,1153010600,고척동,,,서울특별시 구로구 고척로45길 39 (고척동),126.853275884576,37.5065812423584,661.0,,,https://www.gurosisul.or.kr/mod.asp?m=business&s=b01,N,00,N
구리국민체육센터,공공,P10,전천후게이트볼장,P1001,전천후게이트볼장,01,4100000000,경기도,4131000000,구리시,구리도시공사 체육시설팀,031-550-3700,4100000000,경기도,4131000000,구리시,4131010300,인창동,,,경기도 구리시 인창2로27번길 11 (인창동),127.129954816943,37.6047706319402,1500.0,,,http://www.gwdcguri.or.kr,N,00,N
구리국민체육센터,공공,P09,체육관,P0901,구기체육관,01,4100000000,경기도,4131000000,구리시,구리도시공사 체육시설팀,031-550-3700,4100000000,경기도,4131000000,구리시,,,,,인창동 622-28번지 일원,127.129791826,37.6050812022,1500.0,500.0,,http://www.guriuc.or.kr/frm_centers.asp?c_code=100602,N,00,N
구리시멀티스포츠센터,공공,P09,체육관,P0901,구기체육관,01,4100000000,경기도,4131000000,구리시,구리도시공사 체육시설팀,031-550-3700,4100000000,경기도,4131000000,구리시,4131010400,교문동,,,경기도 구리시 체육관로 137-25 (교문동),127.13515725717704,37.5961625856237,8138.0,65.0,60.0,http://multisc.or.kr,N,00,N
구리시멀티스포츠센터수영장,공공,P11,수영장,P1101,수영장,01,4100000000,경기도,4131000000,구리시,구리도시공사 체육시설팀,031-550-3700,4100000000,경기도,4131000000,구리시,4131010400,교문동,,,경기도 구리시 체육관로 137-25 (교문동),127.13515725717704,37.5961625856237,8138.0,,,http://multisc.or.kr/,N,00,N
구리실내배드민턴장,공공,P09,체육관,P0901,구기체육관,01,4100000000,경기도,4131000000,구리시,구리도시공사 체육시설팀,031-550-3700,4100000000,경기도,4131000000,구리시,,,,,교문동 3-2번지 일원,127.136460819,37.5956673427,998.0,500.0,,http://www.gwdcguri.or.kr,N,00,N
국민생활관,공공,P09,체육관,P0903,생활체육관,01,5100000000,강원특별자치도,5111000000,춘천시,체육시설2팀,033-252-1666,5100000000,,5111000000,,4211011200,효자동,,,강원특별자치도 춘천시 효자상길5번길 11 (효자동),127.728412636,37.8730927225,17028.0,,,Cuc.or.kr,N,00,N
국민체육센터,공공,P09,체육관,P0903,생활체육관,01,5200000000,전북특별자치도,5271000000,완주군,시설공원사업소,063-290-2634,5200000000,전북특별자치도,5271000000,완주군,4571025627,신지리,,,전라북도 완주군 용진읍 완주로 860,127.1747537631,35.9378761457,2980.0,,,https://www.wanju.go.kr/index.wanju?menuCd=DOM_000000104002011004,N,00,N
국민체육센터,공공,P09,체육관,P0903,생활체육관,01,5100000000,강원특별자치도,5173000000,횡성군,시설운영담당,033-340-5955,5100000000,,5173000000,,4273025022,읍하리,,,강원특별자치도 횡성군 횡성읍 문예로 75,127.975199115401,37.4886376755291,3414.0,,,https://www.hsg.go.kr/tour/00000322/00002143.web,N,00,N
국민체육센터,공공,P09,체육관,P0903,생활체육관,01,4600000000,전라남도,4617000000,나주시,체육시설관리팀,061-339-4522,4600000000,전라남도,4617000000,나주시,4617010200,송월동,,,전라남도 나주시 영산강변로 99 (송월동),126.7168185078,35.0100348255,11511.0,,,,N,00,N
국민체육센터,공공,P09,체육관,P0903,생활체육관,01,4600000000,전라남도,4677000000,고흥군,,,4600000000,전라남도,4677000000,고흥군,4677025029,행정리,,,전라남도 고흥군 고흥읍 두원로 175,127.273246007,34.6217602154,2307.0,,,https://www.goheung.go.kr/culture/contentsView.do?pageId=culture29,N,00,N
국민체육센터,공공,P09,체육관,P0903,생활체육관,01,5100000000,강원특별자치도,5111000000,춘천시,,,5100000000,,5111000000,,5111012400,,,,강원특별자치도 춘천시 우석로 102-3 (석사동),127.756677718048,37.8626198805028,4843.0,,,,N,00,N
국민체육센터,공공,P09,체육관,P0903,생활체육관,01,4100000000,경기도,4145000000,하남시,문화체육과,031-790-5250,4100000000,경기도,4145000000,하남시,4145010900,망월동,,,경기도 하남시 아리수로 600 (망월동),127.19511825902391,37.56699826444595,,,,https://hanamsport.or.kr,N,00,N
국민체육센터,공공,P09,체육관,P0903,생활체육관,01,2600000000,부산광역시,2626000000,동래구,,,2600000000,부산광역시,2626000000,동래구,2626010800,온천동,,,부산광역시 동래구 미남로 110 (온천동),129.06982987,35.2036104489,4866.0,,,sports.dongnae.go.kr,N,00,N
국민체육센터,공공,P09,체육관,P0903,생활체육관,01,4600000000,전라남도,4677000000,고흥군,시설관리팀,061-830-6720,4600000000,전라남도,4677000000,고흥군,4677025029,행정리,,,전라남도 고흥군 고흥읍 두원로 175,127.273246007,34.6217602154,,,,,N,99,N
국민체육센터 수영장,공공,P11,수영장,P1101,수영장,01,4100000000,경기도,4139000000,시흥시,,,4100000000,경기도,4139000000,시흥시,4139011900,하중동,,,경기도 시흥시 하중로 226 (하중동),126.805344171879,37.3915056581911,,,,,N,00,N
국민체육센터 수영장,공공,P11,수영장,P1101,수영장,01,4100000000,경기도,4167000000,여주시,,,4100000000,경기도,4167000000,여주시,4167012000,천송동,,,경기도 여주시 신륵로 14 (천송동),127.650765248739,37.3000218170572,1615.0,,,,N,00,N
국민체육센터 수영장,공공,P11,수영장,P1101,수영장,01,5100000000,강원특별자치도,5111000000,춘천시,체육시설2팀,033-257-7800,5100000000,,5111000000,,4211012400,석사동,,,강원특별자치도 춘천시 우석로 102-3 (석사동),127.7566649722,37.8626403235,1451.0,1000.0,552.0,https://www.cuc.or.kr/gukminCenter.do,N,00,N
국민체육센터 수영장,공공,P11,수영장,P1101,수영장,01,4400000000,충청남도,4423000000,논산시,,,4400000000,충청남도,4423000000,논산시,4423011100,관촉동,,,충청남도 논산시 논산대로 382 (관촉동),127.10252995234802,36.19557963981898,2161.0,,,http://www.nonsan.go.kr/public/html/sub01/010101.html,N,00,N
군포시청소년수련관수영장,공공,P11,수영장,P1101,수영장,01,4100000000,경기도,4141000000,군포시,청소년교육체육과,031-390-1400,4100000000,경기도,4141000000,군포시,4141010500,금정동,,,경기도 군포시 산본로 322 (금정동),126.934670219,37.3597826264,661.0,,,http://www.gpdream.or.kr/?pid=E,N,00,N
금곡공원국민체육센터,공공,P09,체육관,P0903,생활체육관,01,4100000000,경기도,4113000000,성남시,,,4100000000,경기도,4113500000,성남시 분당구,4113510300,정자동,,,경기도 성남시 분당구 금곡로 302 (정자동),127.109735552304,37.3571613849322,3331.0,,,https://spo.isdc.co.kr,N,00,N
금천구민문화체육센터,공공,P09,체육관,P0903,생활체육관,01,1100000000,서울특별시,1154500000,금천구,문화체육과,02-861-1313,1100000000,서울특별시,1154500000,금천구,1154510200,독산동,,,서울특별시 금천구 독산로54길 188 (독산동),126.907340474136,37.4700689909083,9115.0,,,http://www.gfmc.kr/business2_01.html,N,00,N
금천구민문화체육센터수영장,공공,P11,수영장,P1101,수영장,01,1100000000,서울특별시,1154500000,금천구,문화체육과,02-861-1313,1100000000,서울특별시,1154500000,금천구,,,,,금천구 독산4동371-2,126.907262726,37.4701391186,558.0,,,http://www.gfmc.kr/business2_01.html,N,00,N
기장군국민체육센터,공공,P09,체육관,P0903,생활체육관,01,2600000000,부산광역시,2671000000,기장군,체육시설팀,051-792-4770,2600000000,부산광역시,2671000000,기장군,2671031030,원리,,,부산광역시 기장군 일광면 체육공원1로 29,129.24304684210986,35.304995761625726,786.0,,,http://www.gijangcmc.or.kr/gmspo/main/main.asp,N,00,N
기장군국민체육센터수영장,공공,P11,수영장,P1101,수영장,01,2600000000,부산광역시,2671000000,기장군,체육시설팀,,2600000000,부산광역시,2671000000,기장군,2671025930,,,,부산광역시 기장군 일광읍 체육공원1로 29,129.242850043344,35.3049746328707,2578.0,,,www.gijangcmc.or.kr,N,00,N
기장생활체육센터,공공,P09,체육관,P0903,생활체육관,01,2600000000,부산광역시,2671000000,기장군,체육시설팀,051-792-4790,2600000000,부산광역시,2671000000,기장군,2671025025,서부리,,,부산광역시 기장군 기장읍 차성서로109번길 24,129.208201077147,35.2436523396729,1471.0,,,www.gijangcmc.or.kr/main/main.asp,N,00,N
기장생활체육센터수영장,공공,P11,수영장,P1101,수영장,01,2600000000,부산광역시,2671000000,기장군,체육시설팀,,2600000000,부산광역시,2671000000,기장군,2671025025,서부리,,,부산광역시 기장군 기장읍 차성서로109번길 24,129.208201077147,35.2436523396729,4889.0,,,https://gijangcmc.or.kr/gjspo/main/main.asp,N,00,N
김천국민체육센터,공공,P09,체육관,P0903,생활체육관,01,4700000000,경상북도,4715000000,김천시,,,4700000000,경상북도,4715000000,김천시,4715011000,삼락동,,,경상북도 김천시 운동장길 1 (삼락동),128.0880877799,36.1449243029,1600.0,,,http://www.gimcheon.go.kr/mini/sports/,N,00,N
김천실내수영장,공공,P11,수영장,P1101,수영장,01,4700000000,경상북도,4715000000,김천시,,,4700000000,경상북도,4715000000,김천시,4715011000,삼락동,,,경상북도 김천시 운동장길 1 (삼락동),128.0880877799,36.1449243029,12579.0,2000.0,,http://www.gimcheon.go.kr/mini/sports/,N,00,N
김천실내체육관,공공,P09,체육관,P0901,구기체육관,01,4700000000,경상북도,4715000000,김천시,,,4700000000,경상북도,4715000000,김천시,4715011000,삼락동,,,경상북도 김천시 운동장길 1 (삼락동),128.0880877799,36.1449243029,15589.0,6000.0,5503.0,http://www.gimcheon.go.kr/mini/sports/,N,00,N
김포생활체육관,공공,P09,체육관,P0903,생활체육관,01,4100000000,경기도,4157000000,김포시,체육시설팀,031-996-8020,4100000000,경기도,4157000000,김포시,4157010800,마산동,,,경기도 김포시 김포한강8로 198-3 (마산동),126.644905102984,37.6403531506696,9998.0,,,http://www.gimpolifegym.or.kr,N,00,N
까치산체육센터,공공,P17,골프연습장,P1701,골프연습장,01,1100000000,서울특별시,1162000000,관악구,,,1100000000,서울특별시,1162000000,관악구,1162010100,봉천동,,,서울특별시 관악구 행운10길 23 (봉천동),126.962472088607,37.4819706150352,,,,https://www.gwanakgongdan.or.kr,N,00,N
남구 빙상장,공공,P20,빙상장,P2001,빙상장,01,2600000000,부산광역시,2629000000,남구,,,2600000000,부산광역시,2629000000,남구,2629010700,용호동,,,부산광역시 남구 백운포로 106 (용호동),129.1100779491,35.104156321,2319.0,,,http://www.namgusports.go.kr,N,00,N
남구국민체육센터 1관(실내체육관),공공,P09,체육관,P0903,생활체육관,01,2600000000,부산광역시,2629000000,남구,,,2600000000,부산광역시,2629000000,남구,2629010700,용호동,,,부산광역시 남구 백운포로 110 (용호동),129.10837342238568,35.10388319908773,884.0,,,https://www.namgusports.go.kr/,N,00,N
남구국민체육센터 1관(체력단련장),공공,P09,체육관,P0903,생활체육관,01,2600000000,부산광역시,2629000000,남구,시설관리사업소,051-607-4935,2600000000,부산광역시,2629000000,남구,2629010700,용호동,,,부산광역시 남구 백운포로 110 (용호동),129.1082023418,35.1038825708,434.0,,,http://www.namgusports.go.kr/guide/rent,N,00,N
남국국민체육센터 1관(골프연습장),공공,P17,골프연습장,P1701,골프연습장,01,2600000000,부산광역시,2629000000,남구,,,2600000000,부산광역시,2629000000,남구,2629010700,용호동,,,부산광역시 남구 백운포로 110 (용호동),129.10837342238568,35.10388319908773,426.0,,,www.namgusports.go.kr,N,00,N
남국국민체육센터 1관(수영장),공공,P11,수영장,P1101,수영장,01,2600000000,부산광역시,2629000000,남구,,,2600000000,부산광역시,2629000000,남구,2629010700,용호동,,,부산광역시 남구 백운포로 110 (용호동),129.10837342238568,35.10388319908773,1170.0,,,www.namgusports.go.kr,N,00,N
남양주시청소년수련관,공공,P09,체육관,P0903,생활체육관,01,4100000000,경기도,4136000000,남양주시,,,4100000000,경기도,4136000000,남양주시,4136010500,이패동,,,경기도 남양주시 다산지금로 51-47 (이패동),127.178118452164,37.6089365598086,9219.0,,,Http://www.ncuc.or.kr,N,00,N
남양주체육문화센터,공공,P09,체육관,P0903,생활체육관,01,4100000000,경기도,4136000000,남양주시,,,4100000000,경기도,4136000000,남양주시,4136010500,이패동,,,경기도 남양주시 다산지금로 91 (이패동),127.177790438367,37.6059265813058,4442.0,,,http://nyj.nucu.co.kr,N,00,N
남양주체육문화센터수영장,공공,P11,수영장,P1101,수영장,01,4100000000,경기도,4136000000,남양주시,,,4100000000,경기도,4136000000,남양주시,4136010500,이패동,,,경기도 남양주시 다산지금로 51-27 (이패동),127.175606154831,37.6099088872774,10620.0,,,Www.ncuc.or.kr/nyj/281,N,00,N
남양주체육문화센터테니스장,공공,P06,테니스장,P0601,테니스장,01,4100000000,경기도,4136000000,남양주시,,,4100000000,경기도,4136000000,남양주시,4136010500,이패동,,,경기도 남양주시 다산지금로 91 (이패동),127.177790438367,37.6059265813058,266.0,,,http://nyj.ncuc.or.kr,N,00,N
능평스포츠센터-수영장,공공,P11,수영장,P1101,수영장,01,4100000000,경기도,4161000000,광주시,,,4100000000,경기도,4161000000,광주시,4161011600,,,,경기도 광주시 창뜰아랫길 14-3 (능평동),127.166792205993,37.3489416560285,,,,https://www.gjcs.or.kr/NeungPyeong/facilities,N,00,N
능평스포츠센터-체육관,공공,P09,체육관,P0903,생활체육관,01,4100000000,경기도,4161000000,광주시,,,4100000000,경기도,4161000000,광주시,4161011600,,,,경기도 광주시 창뜰아랫길 14-3 (능평동),127.166792205993,37.3489416560285,,,,https://www.gjcs.or.kr/NeungPyeong/facilities,N,00,N
달성군국민체육센터,공공,P11,수영장,P1101,수영장,01,2700000000,대구광역시,2771000000,달성군,시설관리공단 체육시설팀,053-659-4105,2700000000,대구광역시,2771000000,달성군,2771036025,성하리,,,대구광역시 달성군 현풍면 현풍동로 180,128.4418192683,35.701690366,2624.0,,,http://www.dssiseol.or.kr/pages/main/index_real.html,N,00,N
달성문화센터수영장,공공,P11,수영장,P1101,수영장,01,2700000000,대구광역시,2771000000,달성군,시설관리공단 체육시설팀,053-659-4108,2700000000,대구광역시,2771000000,달성군,2771025628,매곡리,,,대구광역시 달성군 다사읍 대실역북로2길 188,128.46080730445348,35.8655505410631,647.0,,,http://www.dssiseol.or.kr/pages/main/index_real.html,N,00,N
도봉실내수영장,공공,P11,수영장,P1101,수영장,01,1100000000,서울특별시,1132000000,도봉구,체육시설팀,02-2091-2572,1100000000,서울특별시,1132000000,도봉구,1132010800,도봉동,,,서울특별시 도봉구 도봉로180나길 41 (도봉동),127.0498959256,37.6843457162,830.0,,,,N,00,Y
도봉실내수영장,공공,P11,수영장,P1101,수영장,01,1100000000,서울특별시,1132000000,도봉구,문화체육과,02-2091-2572,1100000000,서울특별시,1132000000,도봉구,1132010800,도봉동,,,서울특별시 도봉구 도봉로180나길 41 (도봉동),127.0498959256,37.6843457162,,,,,N,00,Y
도봉실내수영장,공공,P11,수영장,P1101,수영장,01,1100000000,서울특별시,1132000000,도봉구,문화체육과,02-2091-2572,1100000000,서울특별시,1132000000,도봉구,1132010800,도봉동,,,서울특별시 도봉구 도봉로180나길 41 (도봉동),127.0498959256,37.6843457162,,,,https://www.dobongsiseol.or.kr/swim/,N,00,N
동구국민체육문예센터,공공,P23,기타체육시설(체력단련장),P2301,기타체육시설(체력단련장),,2600000000,부산광역시,2617000000,동구,,,2600000000,부산광역시,2617000000,동구,2617010200,수정동,,,부산광역시 동구 구청로 8 (수정동),129.044674212151,35.1289529498826,5719.0,,,,N,00,N
동구국민체육문예센터,공공,P17,골프연습장,P1701,골프연습장,,2600000000,부산광역시,2617000000,동구,,,2600000000,부산광역시,2617000000,동구,2617010200,수정동,,,부산광역시 동구 구청로 8 (수정동),129.044674212151,35.1289529498826,5719.0,,,,N,00,N
동구국민체육문예센터,공공,P09,체육관,P0903,생활체육관,01,2600000000,부산광역시,2617000000,동구,,,2600000000,부산광역시,2617000000,동구,2617010200,수정동,,,부산광역시 동구 구청로 8 (수정동),129.044674212151,35.1289529498826,5719.0,,200.0,https://www.bsdgsportsart.or.kr/,N,00,N
동구국민체육문예센터,공공,P11,수영장,P1101,수영장,01,2600000000,부산광역시,2617000000,동구,,,2600000000,부산광역시,2617000000,동구,2617010200,수정동,,,부산광역시 동구 구청로 8 (수정동),129.044674212151,35.1289529498826,,,,,N,00,N
동구문화체육센터 수영장,공공,P11,수영장,P1101,수영장,01,2800000000,인천광역시,2814000000,동구,,,2800000000,인천광역시,2814000000,동구,2814010700,송림동,,,인천광역시 동구 송림로110번길 5-8(송림동),126.647542264254,37.4757730062256,,,,https://www.icdonggu.go.kr/cscenter/,N,00,N
동구문화체육센터 체력단련장,공공,P23,기타체육시설(체력단련장),P2301,기타체육시설(체력단련장),01,2800000000,인천광역시,2814000000,동구,,,2800000000,인천광역시,2814000000,동구,2814010700,송림동,,,인천광역시 동구 송림로110번길 5-8(송림동),126.647542264254,37.4757730062256,,,,https://www.icdonggu.go.kr/cscenter/,N,00,N
동대문구민체육센터수영장,공공,P11,수영장,P1101,수영장,01,1100000000,서울특별시,1123000000,동대문구,,,1100000000,서울특별시,1123000000,동대문구,,,,,대전광역시 서구 장안동  장안로 587,127.337253852,36.2112474504,5157.0,,92.0,www.ddmgongdan.or.kr,N,00,N
동대문구체육관,공공,P09,체육관,P0903,생활체육관,01,1100000000,서울특별시,1123000000,동대문구,,,1100000000,서울특별시,1123000000,동대문구,1123010500,답십리동,,,서울특별시 동대문구 답십리로 210-3 (답십리동),127.0639528124,37.5722886649,,,,,N,00,N
동래구국민체육센터실내수영장,공공,P11,수영장,P1101,수영장,01,2600000000,부산광역시,2626000000,동래구,,,2600000000,부산광역시,2626000000,동래구,2626010800,온천동,,,부산광역시 동래구 미남로116번길 3 (온천동),129.069709495086,35.2045343881348,4869.0,,,sports.dongnae.go.kr,N,00,N
동작구민체육센터,공공,P09,체육관,P0903,생활체육관,01,1100000000,서울특별시,1159000000,동작구,체육사업팀,02-832-2445,1100000000,서울특별시,1159000000,동작구,1159010900,신대방동,,,서울특별시 동작구 여의대방로16길 53 (신대방동),126.91677190396511,37.494722108453615,8650.0,,,www.idongjak.or.kr,N,00,N
동작구민체육센터골프연습장,공공,P17,골프연습장,P1701,골프연습장,01,1100000000,서울특별시,1159000000,동작구,체육사업팀,02-832-2445,1100000000,서울특별시,1159000000,동작구,1159010900,신대방동,,,서울특별시 동작구 여의대방로16길 53 (신대방동),126.91677190396511,37.494722108453615,8650.0,,,http://sports.idongjak.or.kr/,N,00,N
동작구민체육센터수영장,공공,P11,수영장,P1101,수영장,01,1100000000,서울특별시,1159000000,동작구,체육사업팀,02-832-2445,1100000000,서울특별시,1159000000,동작구,,,,,신대방동 460-1,126.916771904,37.4947221085,1613.0,,97.0,https://sports.idongjak.or.kr/fac/fac_03.html,N,00,N
두류수영장,공공,P11,수영장,P1101,수영장,01,2700000000,대구광역시,2700000000,대구광역시,관리과,053-602-2002,2700000000,대구광역시,2729000000,달서구,2729010100,성당동,,,대구광역시 달서구 공원순환로 237 (성당동),128.5616279964,35.8469691886,14555.0,1500.0,,Www.duryuswim.or.kr,N,00,N
마장국민체육센터,공공,P09,체육관,P0903,생활체육관,01,1100000000,서울특별시,1120000000,성동구,체육사업팀,02-2204-7900,1100000000,서울특별시,1120000000,성동구,,,,,서울특별시 성동구 마조로11길 6 (마장동),127.0407835,37.5621277,198.0,,,Happysd.or.kr,N,00,N
문학박태환수영장,공공,P11,수영장,P1101,수영장,01,2800000000,인천광역시,2800000000,인천광역시,체육진흥과 체육시설마케팅팀,032-440-4325,2800000000,인천광역시,2817000000,남구,2817010900,문학동,,,인천광역시 남구 매소홀로 618 (문학동),126.69582955537857,37.43426620550537,10638.0,3006.0,,Icmha.or.kr,N,00,N
미추홀구 국민체육센터,공공,P11,수영장,P1101,수영장,01,2800000000,인천광역시,2817700000,미추홀구,,,2800000000,인천광역시,2817700000,,2817710100,,,,인천광역시 미추홀구 경인로42번길 57 (숭의동),126.649466178107,37.461952785372,4519.0,,,http://www.imfmc.co.kr/fmcs/1,N,00,N
백운커뮤니티센터수영장,공공,P11,수영장,P1101,수영장,01,4100000000,경기도,4143000000,의왕시,,,4100000000,경기도,4143000000,의왕시,4143010600,학의동,,,경기도 의왕시 백운중앙로 74 (학의동),127.007579832837,37.3700378002341,2203.0,,,www.uuc.or.kr,N,00,N
백운포체육공원 (테니스장),공공,P06,테니스장,P0601,테니스장,01,2600000000,부산광역시,2629000000,남구,,,2600000000,부산광역시,2629000000,남구,2629010700,용호동,,,부산광역시 남구 백운포로 108 (용호동),129.11050303553705,35.10329101490108,5124.0,,,www.namgusports.go.kr,N,00,N
보령국민체육센터수영장,공공,P11,수영장,P1101,수영장,01,4400000000,충청남도,4418000000,보령시,보령시,041-930-4972,4400000000,충청남도,4418000000,보령시,4418036022,옥동리,,,충청남도 보령시 남포면 보령남로 347,126.6039302581,36.3137593924,2436.0,500.0,,https://www.brcn.go.kr/public/sub02_02_01.do,N,00,N
부곡다목적실내체육관,공공,P09,체육관,P0901,구기체육관,01,4100000000,경기도,4143000000,의왕시,생활체육팀,031-8086-7421,4100000000,경기도,4143000000,의왕시,4143011000,월암동,,,경기도 의왕시 부곡공원길 6 (월암동),126.9587561738,37.3146338063,735.0,100.0,20.0,http://www.uuc.or.kr/M_04/page03_03.html,N,00,N
부곡스포츠센터,공공,P09,체육관,P0903,생활체육관,01,4100000000,경기도,4143000000,의왕시,문화체육과,031-345-2544,4100000000,경기도,4143000000,의왕시,4143010300,삼동,,,경기도 의왕시 부곡시장길 77 (삼동),126.9572377174,37.318644671,1793.0,,50.0,http://www.uuc.or.kr/M_04/page03_01.html,N,00,N
부산국민체육센터,공공,P09,체육관,P0903,생활체육관,01,2600000000,부산광역시,2600000000,부산광역시,부산광역시체육회,051-253-5959,2600000000,부산광역시,2614000000,서구,2614010600,서대신동3가,,,부산광역시 서구 대신로 150 (서대신동3가),129.0157717833,35.1173255941,4707.0,,,http://www.bnsc.or.kr/,N,00,N
부산국민체육센터수영장,공공,P11,수영장,P1101,수영장,01,2600000000,부산광역시,2600000000,부산광역시,,,2600000000,부산광역시,2614000000,서구,2614010600,서대신동3가,,,부산광역시 서구 대신로 150 (서대신동3가),129.0157717833,35.1173255941,940.0,,,http://www.bnsc.or.kr/,N,00,N
부산진구 국민체육센터,공공,P09,체육관,P0903,생활체육관,01,2600000000,부산광역시,2623000000,부산진구,,,2600000000,부산광역시,2623000000,부산진구,2623010200,전포동,,,부산광역시 부산진구 진남로328번길 35 (전포동),129.073772711458,35.1553866779638,2247.0,,,https://www.jsports.or.kr/,N,00,N
부산진구 국민체육센터,공공,P11,수영장,P1101,수영장,01,2600000000,부산광역시,2623000000,부산진구,,,2600000000,부산광역시,2623000000,부산진구,2623010200,전포동,,,부산광역시 부산진구 진남로328번길 35 (전포동),129.073756775902,35.1553813636445,1345.0,,,https://www.jsports.or.kr/,N,00,N
북구국민체육센터,공공,P09,체육관,P0903,생활체육관,01,3100000000,울산광역시,3120000000,북구,체육센터,052-241-7370,3100000000,울산광역시,3120000000,북구,3120010500,신천동,,,울산광역시 북구 호계로 416-31 (신천동),129.3470124585,35.6427661867,4128.0,,,https://wel.bukgu.ulsan.kr/33,N,00,N
북구국민체육센터,공공,P09,체육관,P0903,생활체육관,01,2600000000,부산광역시,2632000000,북구,,,2600000000,부산광역시,2632000000,북구,2632010200,화명동,,,부산광역시 북구 화명대로94번길 83 (화명동),129.0174847778,35.2309163551,3639.0,,,https://bukgusports.com/,N,00,N
북구국민체육센터,공공,P08,간이운동장,P0801,간이운동장,01,2900000000,광주광역시,2917000000,북구,,,2900000000,광주광역시,2917000000,북구,,,,,광주광역시 북구 용봉동  우치로 91,126.912287,35.175403,,,,,N,00,Y
북구국민체육센터수영장,공공,P11,수영장,P1101,수영장,01,3100000000,울산광역시,3120000000,북구,문화체육과,052-241-7370,3100000000,울산광역시,3120000000,북구,3120010500,신천동,,,울산광역시 북구 호계로 416-31 (신천동),129.3470124585,35.6427661867,744.0,,,,N,00,N
북구국민체육센터수영장,공공,P11,수영장,P1101,수영장,01,2600000000,부산광역시,2632000000,북구,,,2600000000,부산광역시,2632000000,북구,2632010200,화명동,,,부산광역시 북구 화명대로94번길 83 (화명동),129.0174847778,35.2309163551,325.0,,24.0,https://bukgusports.com/,N,00,N
분당야탑청소년수련관수영장,공공,P11,수영장,P1101,수영장,01,4100000000,경기도,4113000000,성남시,,,4100000000,경기도,4113500000,성남시 분당구,4113510700,야탑동,,,경기도 성남시 분당구 벌말로30번길 35(야탑동),127.14186183859,37.4102383004208,,,,https://www.snyouth.or.kr/ytyouth/index.do,N,00,N
분당야탑청소년수련관체육관,공공,P09,체육관,P0903,생활체육관,01,4100000000,경기도,4113000000,성남시,,,4100000000,경기도,4113500000,성남시 분당구,4113510700,야탑동,,,경기도 성남시 분당구 벌말로30번길 35(야탑동),127.14186183859,37.4102383004208,,,,https://www.snyouth.or.kr/ytyouth/index.do,N,00,N
사당문화회관수영장,공공,P11,수영장,P1101,수영장,01,1100000000,서울특별시,1159000000,동작구,체육사업팀,02-832-2445,1100000000,서울특별시,1159000000,동작구,,,,,사당동 248-6,126.969612227,37.4847138959,2975.0,,164.0,https://sports.idongjak.or.kr/fac/fac_04.html,N,00,N
사하구국민체육센터,공공,P09,체육관,P0903,생활체육관,01,2600000000,부산광역시,2638000000,사하구,운영본부,051-202-3800,2600000000,부산광역시,2638000000,사하구,2638010800.0,감천동,,,부산광역시 사하구 감천로 68 (감천동),128.9988758569,35.0894345871,7251.0,,,https://www.sahaksports.or.kr/saha/181,N,00,N
삼각산문화예술회관수영장(구.강북구민회관수영장),공공,P11,수영장,P1101,수영장,01,1100000000,서울특별시,1130500000,강북구,,,1100000000,서울특별시,1130500000,강북구,1130510300.0,수유동,,,서울특별시 강북구 삼각산로 85 (수유동),127.0138773512,37.6409894263,621.0,1500.0,,http://samgaksan.gangbukcmc.seoul.kr/sam/group01/page01.php,N,00,N
서대문체육회관수영장,공공,P11,수영장,P1101,수영장,01,1100000000,서울특별시,1141000000,서대문구,,,1100000000,서울특별시,1141000000,서대문구,,,,,홍은3동 산26-155,126.931520478,37.5808203434,1011.0,,119.0,https://www.sscmc.or.kr/culture1/,N,00,N
서부산권장애인스포츠센터,공공,P09,체육관,P0903,생활체육관,01,2600000000,부산광역시,2638000000,사하구,,,2600000000,부산광역시,2638000000,사하구,2638010300.0,하단동,,,부산광역시 사하구 낙동남로1233번길 20 (하단동),128.946837565307,35.1094279994477,4007.0,,,https://www.sbsd.kr/Home/1,N,00,N
서부산권장애인스포츠센터,공공,P11,수영장,P1101,수영장,01,2600000000,부산광역시,2638000000,사하구,,,2600000000,부산광역시,2638000000,사하구,2638010300.0,하단동,,,부산광역시 사하구 낙동남로1233번길 20 (하단동),128.946941566346,35.1094202906351,11107.0,,,,N,00,N
서울여성능력개발원수영장,공공,P22,기타시설,P2201,기타시설,01,1100000000,서울특별시,1100000000,서울특별시,서울시 체육정책과,,1100000000,서울특별시,1121500000,광진구,1121510500.0,자양동,,,서울특별시 광진구 아차산로30길 36 (자양동),127.0667172354,37.5394043329,7406.0,150.0,,dongbu.seoulwomanup.or.kr,N,00,N
서재문화체육센터,공공,P09,체육관,P0903,생활체육관,01,2700000000,대구광역시,2700000000,대구광역시,자원순환과,053-803-4263,2700000000,대구광역시,2771000000,달성군,2771025624.0,방천리,,,대구광역시 달성군 다사읍 다사로 750,128.5032012112,35.8842869558,5904.0,,,http://06.dgsisul.or.kr/,N,00,N
서재문화체육센터 배드민턴장,공공,P22,기타시설,P2201,기타시설,01,2700000000,대구광역시,2700000000,대구광역시,자원순환과,053-803-4263,2700000000,대구광역시,2771000000,달성군,2771025624.0,방천리,,,대구광역시 달성군 다사읍 다사로 750,128.5032012112,35.8842869558,687.0,,,http://06.dgsisul.or.kr/,N,99,N
서재문화체육센터 수영장,공공,P11,수영장,P1101,수영장,01,2700000000,대구광역시,2700000000,대구광역시,자원순환과,053-803-4263,2700000000,대구광역시,2771000000,달성군,2771025624.0,방천리,,,대구광역시 달성군 다사읍 다사로 750,128.5032012112,35.8842869558,836.0,,,http://06.dgsisul.or.kr/,N,00,N
선학국제빙상경기장,공공,P20,빙상장,P2001,빙상장,01,2800000000,인천광역시,2800000000,인천광역시,체육진흥과 체육시설마케팅팀,032-440-4325,2800000000,인천광역시,2818500000,연수구,2818510200.0,선학동,,,인천광역시 연수구 경원대로 526 (선학동),126.7018224056,37.430886457,13616.0,,,http://www.seonhakicerink.or.kr,N,00,N
성동구립용답체육센터 수영장,공공,P11,수영장,P1101,수영장,01,1100000000,서울특별시,1120000000,성동구,,,1100000000,서울특별시,1120000000,성동구,1120012200.0,용답동,,,서울특별시 성동구 천호대로78길 15-48(용답동),127.057056800287,37.5618311880264,,,,www.happysd.or.kr,N,00,N
성동구민종합체육센터수영장,공공,P11,수영장,P1101,수영장,01,1100000000,서울특별시,1120000000,성동구,체육사업팀,02-2204-7600,1100000000,서울특별시,1120000000,성동구,,,,,성수1가 685-20,127.040836325,37.5450455643,5950.0,,60.0,http://sports.happysd.or.kr,N,00,N
성북구민체육관,공공,P09,체육관,P0903,생활체육관,01,1100000000,서울특별시,1129000000,성북구,,,1100000000,서울특별시,1129000000,성북구,1129013600.0,하월곡동,,,서울특별시 성북구 화랑로13길 144 (하월곡동),127.042283674161,37.6086202045187,2041.0,,,http://www.gongdan.go.kr,N,00,N
성북종합레포츠타운수영장,공공,P11,수영장,P1101,수영장,01,1100000000,서울특별시,1129000000,성북구,레포츠팀,02-6917-1100,1100000000,서울특별시,1129000000,성북구,,,,,서울특별시 성북구 한천로58길 307 (석관동),127.070014938,37.6101088695,8618.0,,71.0,http://www.gongdan.go.kr,N,00,N
성북종합레포츠타운체육관,공공,P09,체육관,P0903,생활체육관,01,1100000000,서울특별시,1129000000,성북구,레포츠팀,02-6917-1100,1100000000,서울특별시,1129000000,성북구,1129013900.0,석관동,,,서울특별시 성북구 한천로58길 307 (석관동),127.0700512818,37.6102169666,8618.0,,,http://www.gongdan.go.kr,N,00,N
성서국민체육센터,공공,P11,수영장,P1101,수영장,01,2700000000,대구광역시,2700000000,대구광역시,관리과,053-602-2002,2700000000,대구광역시,2729000000,달서구,2729010800.0,이곡동,,,대구광역시 달서구 선원로 133 (이곡동),128.5058539351,35.8615626498,2027.0,,,http://www.spsc.or.kr/,N,00,N
소사국민체육센터,공공,P09,체육관,P0903,생활체육관,01,4100000000,경기도,4119000000,부천시,,,4100000000,경기도,4119000000,부천시,4119011000.0,,,,경기도 부천시 소사로 108 (소사본동),126.7983828115,37.4684393542,6548.0,656.0,656.0,https://www.best.or.kr/fmcs/44,N,00,N
속초국민체육센터,공공,P11,수영장,P1101,수영장,01,5100000000,강원특별자치도,5121000000,속초시,,,5100000000,,5121000000,,4221010800.0,조양동,,,강원특별자치도 속초시 조양로 89 (조양동),128.590655795048,38.1867529800519,,,,,Y,00,Y
속초국민체육센터,공공,P11,수영장,P1101,수영장,01,5100000000,강원특별자치도,5121000000,속초시,속초시정보스포츠센타,033-639-3714,5100000000,,5121000000,,4221010800.0,조양동,,,강원특별자치도 속초시 조양로 89 (조양동),128.59101189728827,38.18655925274479,2970.0,,552.0,https://sports.sokcho.go.kr/,N,00,N
송도스포츠센터수영장,공공,P11,수영장,P1101,수영장,01,2600000000,부산광역시,2614000000,서구,문화관광과,051-240-4781,2600000000,부산광역시,2614000000,서구,2614012400.0,암남동,,,부산광역시 서구 송도해변로 121 (암남동),129.0201114042,35.078077331,639.0,,,http://sdsports.or.kr/,N,00,N
수영구 국민체육센터,공공,P22,기타시설,P2201,기타시설,01,2600000000,부산광역시,2650000000,수영구,,,2600000000,부산광역시,2650000000,수영구,2650010400.0,광안동,,,부산광역시 수영구 수영로521번길 77 (광안동),129.10732576402197,35.152769349441336,4996.0,,,https://www.sysports.or.kr/emSolution/,N,00,N
수영구 스포츠클럽,공공,P09,체육관,P0903,생활체육관,01,2600000000,부산광역시,2650000000,수영구,,051-755-8885,2600000000,부산광역시,2650000000,수영구,2650010300.0,민락동,,,부산광역시 수영구 광남로257번길 12 (민락동),129.1269419776,35.1609477038,2981.0,,,www.sysports.or.kr,N,00,N
수원시체육회관,공공,P22,기타시설,P2201,기타시설,01,4100000000,경기도,4111000000,수원시,수원시체육회,031-290-6014,4100000000,경기도,4111100000,수원시 장안구,4111113600.0,조원동,,,경기도 수원시 장안구 정조로 998 (조원동),127.0075567563,37.2986095257,6171.0,,,www.suwonsports.or.kr,N,00,N
수원청소년문화센터,공공,P09,체육관,P0901,구기체육관,01,4100000000,경기도,4111000000,수원시,교육청소년과,,4100000000,경기도,4111500000,수원시 팔달구,4111514100.0,인계동,,,경기도 수원시 팔달구 권광로 293 (인계동),127.035011171,37.2736313985,1953.0,,,http://www.syf.or.kr/web/page.do?menuIdx=360,N,00,N
수원청소년문화센터,공공,P06,테니스장,P0601,테니스장,01,4100000000,경기도,4111000000,수원시,교육청소년과,,4100000000,경기도,4111500000,수원시 팔달구,4111514100.0,인계동,,,경기도 수원시 팔달구 권광로 293 (인계동),127.035011171,37.2736313985,1123.0,,,http://www.syf.or.kr/web/page.do?menuIdx=360,N,00,N
수원청소년문화센터,공공,P11,수영장,P1101,수영장,01,4100000000,경기도,4111000000,수원시,교육청소년과,,4100000000,경기도,4111500000,수원시 팔달구,4111514100.0,인계동,,,경기도 수원시 팔달구 권광로 293 (인계동),127.035011171,37.2736313985,4132.0,,,http://www.syf.or.kr/,N,00,N
수원청소년문화센터,공공,P12,롤러스케이트장,P1201,롤러스케이트장,01,4100000000,경기도,4111000000,수원시,교육청소년과,,4100000000,경기도,4111500000,수원시 팔달구,4111514100.0,인계동,,,경기도 수원시 팔달구 권광로 293 (인계동),127.035011171,37.2736313985,1844.0,,,http://www.syf.or.kr/,N,00,N
신도림생활체육관,공공,P09,체육관,P0903,생활체육관,01,1100000000,서울특별시,1153000000,구로구,신도림생활체육관팀,02-1899-9912,1100000000,서울특별시,1153000000,구로구,1153010100.0,신도림동,,,서울특별시 구로구 경인로67길 149 (신도림동),126.8832339091,37.5137625902,1322.0,,,www.gurosisul.or.kr,N,00,N
신림체육센터,공공,P09,체육관,P0903,생활체육관,01,1100000000,서울특별시,1162000000,관악구,체육사업팀,02-869-1888,1100000000,서울특별시,1162000000,관악구,1162010200.0,신림동,,,서울특별시 관악구 난곡로58길 13 (신림동),126.9160329184,37.4800711987,973.0,,,,N,00,N
신림체육센터수영장,공공,P11,수영장,P1101,수영장,01,1100000000,서울특별시,1162000000,관악구,시설관리공단,02-869-1888,1100000000,서울특별시,1162000000,관악구,1162010200.0,신림동,,,서울특별시 관악구 난곡로58길 13 (신림동),126.9160329184,37.4800711987,973.0,,,,N,00,N
신월문화체육센터수영장,공공,P11,수영장,P1101,수영장,01,1100000000,서울특별시,1147000000,양천구,양천구 시설관리공단,,1100000000,서울특별시,1147000000,양천구,,,,,충청북도 제천시 신월동   987,128.17992438,37.1595571644,3144.0,,77.0,www.ycs.or.kr,N,00,N
아차산배수지인조잔디축구장,공공,P02,축구장,P0201,축구장,01,1100000000,서울특별시,1121500000,광진구,,,1100000000,서울특별시,1121500000,광진구,1121510300.0,구의동,,,서울특별시 광진구 천호대로 731 (구의동),127.0965013409,37.5489631716,5600.0,,,http://stadium.gwangjin.or.kr/,N,00,N
아차산배수지체육공원테니스장,공공,P06,테니스장,P0601,테니스장,01,1100000000,서울특별시,1121500000,광진구,문화체육과,02-450-7589,1100000000,서울특별시,1121000000,,1121510300.0,구의동,,,서울특별시 광진구 천호대로 731 (구의동),127.096503036618,37.5489618186663,4752.0,,,http://stadium.gwangjin.or.kr/,N,00,N
양천구민체육센터수영장,공공,P11,수영장,P1101,수영장,01,1100000000,서울특별시,1147000000,양천구,양천구 시설관리공단,,1100000000,서울특별시,1147000000,양천구,,,,,신정동322-10,126.864584048,37.5163952347,7982.0,,104.0,WWW.YCS.OR.KR,N,00,N
여성문화회관 수영장,공공,P11,수영장,P1101,수영장,01,2800000000,인천광역시,2800000000,인천광역시,여성정책과,032-440-2693,2800000000,인천광역시,2823700000,부평구,2823710600.0,갈산동,,,인천광역시 부평구 길주로 539 (갈산동),126.7221956149,37.5079398418,330.0,,,www.ifwf.or.kr,N,00,N
연제구국민체육센터,공공,P09,체육관,P0903,생활체육관,01,2600000000,부산광역시,2647000000,연제구,문화체육과 체육센터운영계,051-665-5124,2600000000,부산광역시,2647000000,연제구,2647010200.0,연산동,,,부산광역시 연제구 쌍미천로 132 (연산동),129.08810206617528,35.18433996338203,7705.0,,,http://sports.yeonje.go.kr,N,00,N
열린금호교육문화관체육관,공공,P09,체육관,P0903,생활체육관,01,1100000000,서울특별시,1120000000,성동구,열린금호교육문화관,02-2204-7650,1100000000,서울특별시,1120000000,성동구,1120011000.0,금호동2가,,,"서울특별시 성동구 금호산12길 3(금호동2가, 성덕빌라)",127.020096432685,37.5525459627183,4587.0,,,http://sports.happysd.or.kr,N,00,N
열우물경기장,공공,P11,수영장,P1101,수영장,01,2800000000,인천광역시,2800000000,인천광역시,인천시체육회 체육시설운영부,032-715-6214,2800000000,인천광역시,2823000000,,2823710200.0,십정동,,,인천광역시 부평구 열우물로 164 (십정동),126.6915918015,37.4801057828,11853.0,,,www.icyum.or.kr,N,00,N
영도구국민체육센터,공공,P09,체육관,P0903,생활체육관,01,2600000000,부산광역시,2620000000,영도구,,,2600000000,부산광역시,2620000000,영도구,2620012100.0,동삼동,,,부산광역시 영도구 함지로79번길 6 (동삼동),129.066858950494,35.0752653795657,7890.0,,,http://www.ydsports.org/main/,N,00,N
영등포제1스포츠센터,공공,P09,체육관,P0903,생활체육관,01,1100000000,서울특별시,1156000000,영등포구,문화체육과,02-2670-3142,1100000000,서울특별시,1156000000,영등포구,1156013200.0,신길동,,,서울특별시 영등포구 신풍로 1 (신길동),126.9063068442,37.5005419803,661.0,,,https://www.y-sisul.or.kr/mod.asp?m=business=a01,N,00,N
영등포제1스포츠센터 수영장,공공,P11,수영장,P1101,수영장,01,1100000000,서울특별시,1156000000,영등포구,문화체육과,02-2670-3142,1100000000,서울특별시,1156000000,영등포구,1156013200.0,신길동,,,서울특별시 영등포구 신풍로 1 (신길동),126.9063068442,37.5005419803,991.0,,,y-sisul.or.kr/m/,N,00,N
영등포제2스포츠센터,공공,P09,체육관,P0903,생활체육관,01,1100000000,서울특별시,1156000000,영등포구,문화체육과,02-2670-3142,1100000000,서울특별시,1156000000,영등포구,1156011400.0,당산동4가,,,서울특별시 영등포구 국회대로 615 (당산동4가),126.9027309194,37.5266934256,552.0,,,y-sisul.or.kr,N,00,N
영등포제2스포츠센터 수영장,공공,P11,수영장,P1101,수영장,01,1100000000,서울특별시,1156000000,영등포구,문화체육과,02-2670-3142,1100000000,서울특별시,1156000000,영등포구,1156011400.0,당산동4가,,,서울특별시 영등포구 국회대로 615 (당산동4가),126.9027309194,37.5266934256,704.0,,,y-sisul.or.kr,N,00,N
오남체육문화센터,공공,P09,체육관,P0903,생활체육관,01,4100000000,경기도,4136000000,남양주시,,,4100000000,경기도,4136000000,남양주시,4136026223.0,오남리,,,경기도 남양주시 오남읍 진건오남로577번길 11,127.209705223965,37.6846078817453,5180.0,,,www.ncuc.or.kr>on>405,N,00,N
오남체육문화센터수영장,공공,P11,수영장,P1101,수영장,01,4100000000,경기도,4136000000,남양주시,,,4100000000,경기도,4136000000,남양주시,4136026223.0,오남리,,,경기도 남양주시 오남읍 양지로 156-19,127.202226621924,37.6929656004791,,,,www.ncuc.or.kr>on>405,N,00,N
오정레포츠센터,공공,P09,체육관,P0903,생활체육관,01,4100000000,경기도,4119000000,부천시,부천시시설관리공단,032-340-5383,4100000000,경기도,4119000000,부천시,4119011700.0,,,,경기도 부천시 상오정로 169 (오정동),126.7965002236,37.5290269002,9792.0,,,www.best.co.kr,N,00,N
오정레포츠센터 수영장,공공,P11,수영장,P1101,수영장,01,4100000000,경기도,4119000000,부천시,부천시시설관리공단,032-340-5383,4100000000,경기도,4119000000,부천시,4119011700.0,,,,경기도 부천시 상오정로 169 (오정동),126.7965002236,37.5290269002,9792.0,1023.0,,ojeongleports.bocheon.go.kr,N,00,N
올림픽기념국민생활관,공공,P09,체육관,P0903,생활체육관,01,2800000000,인천광역시,2800000000,인천광역시,체육진흥과,032-440-4084,2800000000,인천광역시,2820000000,남동구,2820010100.0,구월동,,,인천광역시 남동구 구월로 251 (구월동),126.7188970737,37.4573747931,6619.0,,,WWW.ICOLY.OR.KR,N,00,N
올림픽기념국민생활관,공공,P09,체육관,P0903,생활체육관,01,4100000000,경기도,4127000000,안산시,시민레저부,031-481-4900,4100000000,경기도,4127300000,안산시 단원구,4127310100.0,고잔동,,,경기도 안산시 단원구 적금로 202 (고잔동),126.8281889417,37.3262873583,4552.0,,,Www.ansanuc.net,N,00,N
올림픽기념국민생활관,공공,P09,체육관,P0903,생활체육관,01,2600000000,부산광역시,2600000000,부산광역시,총무과,051-747-2002,2600000000,부산광역시,2635000000,해운대구,2635010500.0,우동,,,부산광역시 해운대구 APEC로 68 (우동),129.1376942145,35.1674268557,6959.0,,,WWW.SABA.co.kr,N,00,N
올림픽기념국민생활관,공공,P09,체육관,P0903,생활체육관,01,5200000000,전북특별자치도,5214000000,익산시,,,5200000000,전북특별자치도,5214000000,익산시,5214011300.0,남중동,,,전북특별자치도 익산시 선화로 255 (남중동),126.958312891287,35.9454583044586,22231.0,,,https://www.iksancmc.or.kr/index.iksan,N,00,N
올림픽기념국민생활관,공공,P09,체육관,P0903,생활체육관,01,3000000000,대전광역시,3000000000,대전광역시,시설관리공단(국민생활관),042-610-9500,3000000000,대전광역시,3017000000,서구,3017011100.0,갈마동,,,대전광역시 서구 신갈마로230번길 77 (갈마동),127.37328047641452,36.35482909647144,6390.0,,,http://www.djsiseol.or.kr/,N,00,N
올림픽기념국민생활관,공공,P09,체육관,P0903,생활체육관,01,1100000000,서울특별시,1111000000,종로구,관광체육과,02-2148-1892,1100000000,서울특별시,1111000000,종로구,1111016900.0,혜화동,,,서울특별시 종로구 성균관로 91 (혜화동),126.9987998007,37.5904592018,20997.0,,,https://www.ijongno.co.kr/main,N,00,N
올림픽기념국민생활관,공공,P06,테니스장,P0601,테니스장,01,2600000000,부산광역시,2600000000,부산광역시,,,2600000000,부산광역시,2635000000,해운대구,2635010500.0,우동,,,부산광역시 해운대구 APEC로 68 (우동),129.1376942145,35.1674268557,6959.0,,,Www.Saba.or.kr,N,00,N
올림픽기념국민생활관,공공,P09,체육관,P0903,생활체육관,01,4800000000,경상남도,4812000000,창원시,,,4800000000,경상남도,4812000000,창원시,4812710500.0,양덕동,,,경상남도 창원시 마산회원구 삼호로 63 (양덕동),128.579580117268,35.2219848625101,1200.0,,,,N,00,N
올림픽기념국민생활관,공공,P09,체육관,P0903,생활체육관,01,2700000000,대구광역시,2700000000,대구광역시,체육시설관리사무소,053-602-2002,2700000000,대구광역시,2729000000,달서구,2729012400.0,본동,,,대구광역시 달서구 학산로 130 (본동),128.5405565994,35.8331435784,4565.0,,,Omc.dgsisul.or.kr,N,00,N
올림픽기념국민생활관,공공,P09,체육관,P0903,생활체육관,01,4600000000,전라남도,4615000000,순천시,체육시설관리소,061-749-8483,4600000000,전라남도,4615000000,순천시,4615011400.0,연향동,,,전라남도 순천시 팔마로 333 (연향동),127.51987520470072,34.93531386703505,1259.0,,,www.suncheon.go.kr,N,00,N
올림픽기념국민생활관,공공,P09,체육관,P0903,생활체육관,01,4300000000,충청북도,4311000000,청주시,시설관리팀,043-201-2383,4300000000,충청북도,4311200000,청주시 서원구,4311210100.0,사직동,,,충청북도 청주시 서원구 흥덕로 61 (사직동),127.4696612662,36.6409790442,1087.0,,,http://www.cjsisul.or.kr/reserve/main.do,N,00,N
올림픽기념국민생활관,공공,P09,체육관,P0903,생활체육관,01,4700000000,경상북도,4719000000,구미시,,,4700000000,경상북도,4719000000,구미시,4719010100.0,원평동,,,경상북도 구미시 산책길 63(원평동),128.328937580904,36.1235344902129,,,,,N,00,N
올림픽기념국민생활관,공공,P22,기타시설,P2201,기타시설,01,2900000000,광주광역시,2900000000,광주광역시,,,2900000000,광주광역시,2914000000,서구,2914012800.0,풍암동,,,광주광역시 서구 금화로 278(풍암동),126.87916885013,35.1366355242332,,,,,N,00,N
와부체육문화센터,공공,P09,체육관,P0903,생활체육관,01,4100000000,경기도,4136000000,남양주시,,,4100000000,경기도,4136000000,남양주시,4136025021.0,덕소리,,,경기도 남양주시 와부읍 월문천로 51,127.218019492181,37.5858081338259,4269.0,,,http://wb.ncuc.or.kr,N,00,N
와부체육문화센터수영장,공공,P11,수영장,P1101,수영장,01,4100000000,경기도,4136000000,남양주시,,,4100000000,경기도,4136000000,남양주시,4136025021.0,덕소리,,,경기도 남양주시 와부읍 월문천로 51,127.218019492181,37.5858081338259,,,,http://wb.ncuc.or.kr,N,00,N
용답구립체육센터,공공,P09,체육관,P0903,생활체육관,01,1100000000,서울특별시,1120000000,성동구,,,1100000000,서울특별시,1120000000,성동구,1120012200.0,용답동,,,서울특별시 성동구 천호대로78길 15-48(용답동),127.057056800287,37.5618311880264,,,,www.happysd.or.kr,N,00,N
용산문화체육센터,공공,P09,체육관,P0903,생활체육관,01,1100000000,서울특별시,1117000000,용산구,문화체육센터,02-707-2492,1100000000,서울특별시,1117000000,용산구,1117012200.0,문배동,,,서울특별시 용산구 백범로 350 (문배동),126.9676267129,37.5372419256,1272.0,,,http://www.yongsangu-sc.or.kr/,N,00,N
용산문화체육센터수영장,공공,P11,수영장,P1101,수영장,01,1100000000,서울특별시,1117000000,용산구,문화체육센터,02-707-2492,1100000000,서울특별시,1117000000,용산구,1117012200.0,문배동,,,서울특별시 용산구 백범로 350 (문배동),126.9676267129,37.5372419256,40952.0,,47.0,http://www.yongsangu-sc.or.kr/,N,00,N
용산청소년수련관,공공,P09,체육관,P0903,생활체육관,01,1100000000,서울특별시,1117000000,용산구,용산청소년수련관,02-749-5314,1100000000,서울특별시,1117000000,용산구,1117012900.0,이촌동,,,서울특별시 용산구 이촌로71길 24 (이촌동),126.9732987193,37.5213568837,6497.0,,,yong-san.or.kr/youspool,N,00,N
은평구민체육센터,공공,P09,체육관,P0903,생활체육관,01,1100000000,서울특별시,1138000000,은평구,생활체육과,02-351-6553,1100000000,서울특별시,1138000000,은평구,1138011400.0,진관동,,,서울특별시 은평구 진관1로 40 (진관동),126.9235811378,37.6304419867,,,,http://www.efmc.or.kr/public_html/sports/,N,00,N
의왕시국민체육센터,공공,P09,체육관,P0903,생활체육관,01,4100000000,경기도,4143000000,의왕시,생활체육팀,031-8086-7421,4100000000,경기도,4143000000,의왕시,4143010700.0,내손동,,,경기도 의왕시 복지로 27 (내손동),126.9751638254,37.3820353772,4241.0,,,http://www.uuc.or.kr/M_04/page03_02.html,N,00,N
의왕시국민체육센터수영장,공공,P11,수영장,P1101,수영장,01,4100000000,경기도,4143000000,의왕시,생활체육팀,031-8086-7412,4100000000,경기도,4143000000,의왕시,4143010700.0,내손동,,,경기도 의왕시 복지로 27 (내손동),126.9751638254,37.3820353772,2334.0,300.0,45.0,http://www.uuc.or.kr/M_04/page03_01.html,N,00,N
의왕청소년수련관체육관,공공,P09,체육관,P0901,구기체육관,01,4100000000,경기도,4143000000,의왕시,운영지원부,031-346-8164,4100000000,경기도,4143000000,의왕시,4143010100.0,고천동,,,경기도 의왕시 문화공원로 33 (고천동),126.9719404893,37.3417947817,776.0,100.0,20.0,http://www.uiwang.go.kr/UWKORPHY0301,N,00,N
이문체육문화센터,공공,P09,체육관,P0903,생활체육관,01,1100000000,서울특별시,1123000000,동대문구,,,1100000000,서울특별시,1123000000,동대문구,1123011000.0,이문동,,,서울특별시 동대문구 한천로58길 81-49 (이문동),127.0687029956,37.6022458023,859.0,,,www.dfmc.kr,N,00,N
장유스포츠센터,공공,P09,체육관,P0903,생활체육관,01,4800000000,경상남도,4825000000,김해시,,,4800000000,경상남도,4825000000,김해시,4825012800.0,삼문동,,,경상남도 김해시 번화2로 72 (삼문동),128.804943695749,35.1957255994161,3778.0,,,ghdc.or.kr,N,00,N
정관아쿠아드림파크,공공,P11,수영장,P1101,수영장,01,2600000000,부산광역시,2671000000,기장군,,,2600000000,부산광역시,2671000000,기장군,2671025627.0,모전리,,,부산광역시 기장군 정관읍 모전로 7,129.163150938554,35.3413209714865,,,,www.gijangcmc.or.kr,N,99,N
정관아쿠아드림파크,공공,P11,수영장,P1101,수영장,01,2600000000,부산광역시,2671000000,기장군,,,2600000000,부산광역시,2671000000,기장군,2671025627.0,모전리,,,부산광역시 기장군 정관읍 모전로 7,129.163150938554,35.3413209714865,11567.0,,,https://www.gijangcmc.or.kr/dreampark/main/main.asp,N,00,N
정자청소년수련관체육관,공공,P09,체육관,P0903,생활체육관,01,4100000000,경기도,4113000000,성남시,,031-725-9500,4100000000,경기도,4113500000,성남시 분당구,4113510300.0,정자동,,,경기도 성남시 분당구 성남대로407번길 12 (정자동),127.1063231146,37.3727600961,7328.0,200.0,200.0,Snyouth.or.kr,N,00,N
종로구민회관,공공,P09,체육관,P0903,생활체육관,01,1100000000,서울특별시,1111000000,종로구,총무과,02-2148-1305,1100000000,서울특별시,1111000000,종로구,1111017400.0,창신동,,,서울특별시 종로구 지봉로5길 7-5 (창신동),127.0143674296,37.5735016343,3973.0,,,www.ijongno.co.kr,N,00,N
종로구민회관수영장,공공,P11,수영장,P1101,수영장,01,1100000000,서울특별시,1111000000,종로구,총무과,02-2148-1305,1100000000,서울특별시,1111000000,종로구,1111017400.0,창신동,,,서울특별시 종로구 지봉로5길 7-5 (창신동),127.0143674296,37.5735016343,11262.0,175.0,,Www.ijongno.co.kr,N,00,N
종로문화체육센터수영장,공공,P11,수영장,P1101,수영장,01,1100000000,서울특별시,1111000000,종로구,관광체육과,02-2148-1892,1100000000,서울특별시,1111000000,종로구,1111011500.0,사직동,,,서울특별시 종로구 인왕산로1길 21 (사직동),126.9646629429,37.5742108077,6756.0,,,www.ijongno.co.kr,N,00,N
중곡문화체육센터,공공,P09,체육관,P0903,생활체육관,01,1100000000,서울특별시,1121500000,광진구,체육시설운영팀 (중곡문화체육센터),02-3408-4918,1100000000,서울특별시,1121500000,광진구,1121510100.0,중곡동,,,서울특별시 광진구 능동로 433 (중곡동),127.0848034473,37.5677777605,8176.0,,,http://jgsports.gwangjin.or.kr/,N,00,N
중곡문화체육센터수영장,공공,P11,수영장,P1101,수영장,01,1100000000,서울특별시,1121500000,광진구,체육시설운영팀 (중곡문화체육센터),02-3408-4918,1100000000,서울특별시,1121500000,광진구,1121510100.0,중곡동,,,서울특별시 광진구 능동로 433 (중곡동),127.0848034473,37.5677777605,1449.0,140.0,,http://jgsports.gwangjin.or.kr/,N,00,N
중구회현체육센터,공공,P09,체육관,P0903,생활체육관,01,1100000000,서울특별시,1114000000,중구,체육사업팀,02-2280-8433,1100000000,서울특별시,1114000000,중구,1114012100.0,회현동1가,,,서울특별시 중구 퇴계로12길 78(회현동1가),126.981637818762,37.5560315749818,5306.0,,,,N,00,N
진접체육문화센터,공공,P09,체육관,P0903,생활체육관,01,4100000000,경기도,4136000000,남양주시,,,4100000000,경기도,4136000000,남양주시,4136025321.0,장현리,,,경기도 남양주시 진접읍 금강로 1509-24,127.189710244998,37.7271158776249,3869.0,,,https://www.ncuc.or.kr/jj/536,N,00,N
진접체육문화센터수영장,공공,P11,수영장,P1101,수영장,01,4100000000,경기도,4136000000,남양주시,,,4100000000,경기도,4136000000,남양주시,4136025321.0,장현리,,,경기도 남양주시 진접읍 금강로 1509-24,127.189710244998,37.7271158776249,,,,http://jj.ncuc.or.kr,N,00,N
천안축구센터,공공,P02,축구장,P0201,축구장,01,4400000000,충청남도,4413000000,천안시,,,4400000000,충청남도,4413300000,천안시 서북구,4413310200.0,성정동,,,충청남도 천안시 서북구 축구센터로 150 (성정동),127.1471205531098,36.82149058518731,20221.0,4231.0,4231.0,www.cfmc.or.kr,N,00,N
청담평생학습관골프연습장,공공,P17,골프연습장,P1701,골프연습장,01,1100000000,서울특별시,1168000000,강남구,,,1100000000,서울특별시,1168000000,강남구,,,,,강남구 청담동35-10,127.046437389,37.5191126816,4030.0,,,www.kncity.or.kr,N,00,N
충무아트홀스포츠센터수영장,공공,P11,수영장,P1101,수영장,01,1100000000,서울특별시,1114000000,중구,체육사업팀,02-2280-8404,1100000000,서울특별시,1114000000,중구,1114016300.0,흥인동,,,서울특별시 중구 퇴계로 387(흥인동),127.014790889728,37.5659409687669,,,73174.0,www.eunpyeongspo.seoul.kr,N,00,N
충주국민체육센터수영장,공공,P11,수영장,P1101,수영장,01,4300000000,충청북도,4313000000,충주시,공공시설팀,043-850-3282,4300000000,충청북도,4313000000,충주시,,,,,충청북도 충주시 중원대로 3306 (호암동),127.691712636,36.931631966,3979.0,800.0,,www.es21.net,N,00,N
탄천스포츠센터,공공,P09,체육관,P0901,구기체육관,01,4100000000,경기도,4113000000,성남시,시설관리팀,031-725-7161,4100000000,경기도,4113000000,성남시,4113510700.0,야탑동,,,경기도 성남시 분당구 탄천로 215 (야탑동),127.11952605391026,37.40871089453304,3285.0,,,Www.2ssc.or.kr,N,00,N
탄천스포츠센터골프연습장,공공,P17,골프연습장,P1701,골프연습장,01,4100000000,경기도,4113000000,성남시,시설관리팀,031-725-7165,4100000000,경기도,4113000000,성남시,4113510700.0,야탑동,,,경기도 성남시 분당구 탄천로 215 (야탑동),127.1195714208742,37.408827981202805,489.0,,,Www.2ssc.or.kr,N,00,N
탄천종합운동장 체육회관 수영장,공공,P11,수영장,P1101,수영장,01,4100000000,경기도,4113000000,성남시,,,4100000000,경기도,4113000000,성남시,,,,,분당구야탑동 탄천로 215,127.119735529,37.4097432509,8462.0,702.0,585.0,Www.2ssc.or.kr,N,00,N
탄천종합운동장체육회관빙상장,공공,P20,빙상장,P2001,빙상장,01,4100000000,경기도,4113000000,성남시,,,4100000000,경기도,4113000000,성남시,,,,,야탑동 486번지,127.120662823,37.4104126666,9785.0,702.0,702.0,https://spo.isdc.co.kr,N,00,N
태전국민체육센터-생활체육관,공공,P09,체육관,P0903,생활체육관,01,4100000000,경기도,4161000000,광주시,,,4100000000,경기도,4161000000,광주시,4161011000.0,태전동,,,경기도 광주시 벼루개길42번길 20 (태전동),127.233093215443,37.3813686651393,,,,https://www.gjcs.or.kr/TaeJeon/facilities,N,00,N
태전국민체육센터-수영장,공공,P11,수영장,P1101,수영장,01,4100000000,경기도,4161000000,광주시,,,4100000000,경기도,4161000000,광주시,4161011000.0,태전동,,,경기도 광주시 벼루개길42번길 20 (태전동),127.233093215443,37.3813686651393,,,,https://www.gjcs.or.kr/TaeJeon/facilities,N,00,N
평생학습관,공공,P09,체육관,P0903,생활체육관,01,4400000000,충청남도,4420000000,아산시,,,4400000000,충청남도,4420000000,아산시,4420011200.0,용화동,,,충청남도 아산시 남부로 92 (용화동),126.99225790240838,36.77079819837925,3776.0,,,https://korean.visitkorea.or.kr/detail/content_view.html?cid=130185,N,00,N
평생학습관 수영장,공공,P11,수영장,P1101,수영장,01,4100000000,경기도,4143000000,의왕시,평생교육팀,031-8086-7412,4100000000,경기도,4143000000,의왕시,4143010500.0,오전동,,,경기도 의왕시 오전로 122 (오전동),126.9754571544,37.3550551101,2644.0,24.0,24.0,http://www.uuc.or.kr/,N,00,N
포항국민체육센터,공공,P09,체육관,P0903,생활체육관,01,4700000000,경상북도,4711000000,포항시,새마을체육산업과,054-270-2803,4700000000,경상북도,4711000000,포항시,4711311500.0,학잠동,,,경상북도 포항시 북구 양학로 166 (학잠동),129.3414639662,36.0355781537,1424.0,,,https://www.phsisul.org/home/108,N,00,N
포항실내수영장,공공,P11,수영장,P1101,수영장,01,4700000000,경상북도,4711000000,포항시,새마을체육산업과,054-270-2804,4700000000,경상북도,4711000000,포항시,4711110200.0,대도동,,,경상북도 포항시 남구 희망대로 810 (대도동),129.36149651236207,36.007443528916944,4885.0,800.0,,http://phsisul.org,N,00,N
해동이국민체육센터,공공,P09,체육관,P0903,생활체육관,03,4800000000,경상남도,4825000000,김해시,,,4800000000,경상남도,4825000000,김해시,4825010700.0,삼계동,,,경상남도 김해시 삼계로 132 (삼계동),128.88036313337,35.2583232989749,456.0,,,https://ghdc.or.kr/sports/fmcs/13,N,00,N
해오름휘트니스센터,공공,P09,체육관,P0903,생활체육관,01,1100000000,서울특별시,1129000000,성북구,해오름스포츠팀,,1100000000,서울특별시,1129000000,성북구,1129010300.0,돈암동,,,"서울특별시 성북구 성북로4길 52 (돈암동, 한신한진아파트)",127.012706037821,37.5944725333435,661.0,,,Www.gongdan.go.kr,N,00,N
호평체육문화센터,공공,P09,체육관,P0903,생활체육관,01,4100000000,경기도,4136000000,남양주시,,,4100000000,경기도,4136000000,남양주시,4136010100.0,호평동,,,경기도 남양주시 늘을2로 67 (호평동),127.242279677092,37.6588779545358,5883.0,,,http://www.hp.ncuc.or.kr,N,00,N
호평체육문화센터수영장,공공,P11,수영장,P1101,수영장,01,4100000000,경기도,4136000000,남양주시,,,4100000000,경기도,4136000000,남양주시,4136010100.0,호평동,,,경기도 남양주시 늘을2로 67 (호평동),127.242279677092,37.6588779545358,833.0,,,http://www.hp.ncuc.or.kr,N,00,N
화도체육문화센터,공공,P09,체육관,P0903,생활체육관,01,4100000000,경기도,4136000000,남양주시,,,4100000000,경기도,4136000000,남양주시,4136025628.0,창현리,,,경기도 남양주시 화도읍 수레로 1259,127.301174102761,37.6496096019013,6598.0,,,http://hd.ncuc.or.kr,N,00,N
화도체육문화센터수영장,공공,P11,수영장,P1101,수영장,01,4100000000,경기도,4136000000,남양주시,,,4100000000,경기도,4136000000,남양주시,4136025628.0,창현리,,,경기도 남양주시 화도읍 수레로 1259,127.301174102761,37.6496096019013,,,,http://hd.ncuc.or.kr,N,00,N
화성국민체육센터 체육시설,공공,P22,기타시설,P2201,기타시설,01,4100000000,경기도,4159000000,화성시,,031-369-6273,4100000000,경기도,4159000000,화성시,4159025324.0,동화리,,,경기도 화성시 봉담읍 동화길 18,126.9517316331,37.2206741432,19834.0,,,https://www.hsuco.or.kr/sports/bongdam/1,N,00,N
환경에너지시설내테니스장,공공,P06,테니스장,P0601,테니스장,01,4100000000,경기도,4128000000,고양시,체육진흥과,031-8075-2341,4100000000,경기도,4128500000,고양시 일산동구,4128510600.0,백석동,,,경기도 고양시 일산동구 경의로 115 (백석동),126.79618801727229,37.6436216618518,777.0,,,gbc.gys.or.kr,N,00,N
환경에너지시설수영장,공공,P11,수영장,P1101,수영장,01,4100000000,경기도,4128000000,고양시,체육진흥과,031-8075-2341,4100000000,경기도,4128500000,고양시 일산동구,4128510600.0,백석동,,,경기도 고양시 일산동구 경의로 84 (백석동),126.7951298071,37.6411187006,997.0,,,gbc.gys.or.kr,N,00,N
황새울국민체육센터,공공,P09,체육관,P0903,생활체육관,01,4100000000,경기도,4113000000,성남시,,,4100000000,경기도,4113500000,성남시 분당구,4113510200.0,수내동,,,경기도 성남시 분당구 황새울로 273(수내동),127.116735759821,37.3825459433359,2901.0,,,https://spo.isdc.co.kr/,N,00,N
흑석체육센터,공공,P09,체육관,P0903,생활체육관,01,1100000000,서울특별시,1159000000,동작구,체육사업팀,02-832-2445,1100000000,서울특별시,1159000000,동작구,1159010500.0,흑석동,,,서울특별시 동작구 현충로 73 (흑석동),126.96347167748948,37.51005566715778,2895.0,,,www.idongjak.or.kr,N,00,N
흑석체육센터수영장,공공,P11,수영장,P1101,수영장,01,1100000000,서울특별시,1159000000,동작구,체육사업팀,02-832-2445,1100000000,서울특별시,1159000000,동작구,1159010500.0,흑석동,,,서울특별시 동작구 현충로 73 (흑석동),126.96347167748948,37.51005566715778,2895.0,,47.0,http://sports.idongjak.or.kr/,N,00,N
